{
  "rab37": {
    "hs_location": 99.966307158714983, 
    "ph_location": 112.84792642892964, 
    "ph_scale": 11.001915385193644, 
    "hs_scale": 7.4950742493064659
  }, 
  "rab36": {
    "hs_location": 153.97279017905032, 
    "ph_location": 153.72834971529437, 
    "ph_scale": 13.190970107028445, 
    "hs_scale": 10.321423174100616
  }, 
  "rab35": {
    "hs_location": 97.220497857838268, 
    "ph_location": 103.86085436514662, 
    "ph_scale": 9.4730114622765313, 
    "hs_scale": 5.9953974028999095
  }, 
  "rab34": {
    "hs_location": 127.18781510354961, 
    "ph_location": 135.50631740942487, 
    "ph_scale": 19.112196892176225, 
    "hs_scale": 12.035554529101814
  }, 
  "rab33": {
    "hs_location": 92.909014510626577, 
    "ph_location": 115.61547226778501, 
    "ph_scale": 17.246989943639555, 
    "hs_scale": 4.7826473568885586
  }, 
  "rab32": {
    "hs_location": 87.440001296689417, 
    "ph_location": 98.860622786254723, 
    "ph_scale": 14.356753779536103, 
    "hs_scale": 8.8967398278938372
  }, 
  "rab31": {
    "hs_location": 79.357721822515813, 
    "ph_location": 65.94244402779087, 
    "ph_scale": 8.3146808286473792, 
    "hs_scale": 4.5996109743976259
  }, 
  "rab30": {
    "hs_location": 91.284913581810073, 
    "ph_location": 101.29597317146687, 
    "ph_scale": 11.416538492764136, 
    "hs_scale": 5.7788846000928782
  }, 
  "AtRabA3": {
    "hs_location": 116.524488471235, 
    "ph_location": 122.21824442967367, 
    "ph_scale": 6.4811326860665694, 
    "hs_scale": 3.5229392393380436
  }, 
  "rab39": {
    "hs_location": 89.504029714299222, 
    "ph_location": 105.03703651539135, 
    "ph_scale": 14.524919792191225, 
    "hs_scale": 5.866238867860341
  }, 
  "rab38": {
    "hs_location": 115.542113064418, 
    "ph_location": 119.50367005118434, 
    "ph_scale": 9.4230797118423801, 
    "hs_scale": 7.3789658275528076
  }, 
  "rab19": {
    "hs_location": 108.41366279294306, 
    "ph_location": 114.13570096556953, 
    "ph_scale": 11.893564317878642, 
    "hs_scale": 6.1417483391903733
  }, 
  "rab18": {
    "hs_location": 90.0, 
    "ph_location": 105.0, 
    "ph_scale": 10.0, 
    "hs_scale": 8.0
  }, 
  "AtRabA4": {
    "hs_location": 115.82559832769434, 
    "ph_location": 116.34082463034366, 
    "ph_scale": 6.4478088981463459, 
    "hs_scale": 2.3240185102207502
  }, 
  "AtRabA5": {
    "hs_location": 107.64193814919975, 
    "ph_location": 106.33903354860612, 
    "ph_scale": 7.7475564963991435, 
    "hs_scale": 4.1600422744497223
  }, 
  "ypt11": {
    "hs_location": 220.0, 
    "ph_location": 180.0, 
    "ph_scale": 20.0, 
    "hs_scale": 10.0
  }, 
  "AtRabA1": {
    "hs_location": 118.27440574782341, 
    "ph_location": 124.54619706695992, 
    "ph_scale": 6.0223619502618151, 
    "hs_scale": 3.8788905122159143
  }, 
  "rab11": {
    "hs_location": 92.691351552826035, 
    "ph_location": 111.71029955261108, 
    "ph_scale": 10.768624045406778, 
    "hs_scale": 5.5197758423384222
  }, 
  "rab10": {
    "hs_location": 91.57167314551576, 
    "ph_location": 102.68044353070083, 
    "ph_scale": 10.714104028895271, 
    "hs_scale": 6.7824394867409161
  }, 
  "rab13": {
    "hs_location": 112.55856489679341, 
    "ph_location": 113.88496036669316, 
    "ph_scale": 6.7665217988322279, 
    "hs_scale": 5.9889321995582954
  }, 
  "rab12": {
    "hs_location": 124.01876792896385, 
    "ph_location": 118.44463183804366, 
    "ph_scale": 14.240370625728499, 
    "hs_scale": 13.093772891022802
  }, 
  "rab15": {
    "hs_location": 91.673364312014968, 
    "ph_location": 91.84552140129054, 
    "ph_scale": 12.032519632584663, 
    "hs_scale": 11.602973874175902
  }, 
  "rab14": {
    "hs_location": 113.62066557578703, 
    "ph_location": 120.52889822965051, 
    "ph_scale": 11.183315081257723, 
    "hs_scale": 8.9967932222471756
  }, 
  "rab17": {
    "hs_location": 97.803670750140569, 
    "ph_location": 98.52606287433585, 
    "ph_scale": 9.0008565685578326, 
    "hs_scale": 6.3735222419560413
  }, 
  "AtRabC2": {
    "hs_location": 98.016047418572981, 
    "ph_location": 98.21634782731843, 
    "ph_scale": 7.7510900738604693, 
    "hs_scale": 3.0183311232517629
  }, 
  "EhRabA": {
    "hs_location": 137.03321378503932, 
    "ph_location": 128.85838439743333, 
    "ph_scale": 0.040476704050926494, 
    "hs_scale": 4.4870632146345368
  }, 
  "AtRabG1": {
    "hs_location": 120.0, 
    "ph_location": 105.0, 
    "ph_scale": 8.0, 
    "hs_scale": 8.0
  }, 
  "rabL4": {
    "hs_location": 78.071711136439973, 
    "ph_location": 79.457412279388336, 
    "ph_scale": 8.5956256791908068, 
    "hs_scale": 12.207167353178294
  }, 
  "rabL2": {
    "hs_location": 86.566971032768265, 
    "ph_location": 101.9175318833945, 
    "ph_scale": 12.971587721329993, 
    "hs_scale": 4.7309303362525572
  }, 
  "rab20": {
    "hs_location": 119.30620573717073, 
    "ph_location": 118.90320280033737, 
    "ph_scale": 9.5793557676990382, 
    "hs_scale": 5.9543779743969143
  }, 
  "rab21": {
    "hs_location": 82.295620345764178, 
    "ph_location": 105.0, 
    "ph_scale": 12.0, 
    "hs_scale": 5.5799716580795451
  }, 
  "rab22": {
    "hs_location": 95.324011275153367, 
    "ph_location": 105.0, 
    "ph_scale": 10.0, 
    "hs_scale": 5.8012538491695533
  }, 
  "rab23": {
    "hs_location": 100.58808900171729, 
    "ph_location": 118.3936583315097, 
    "ph_scale": 17.651270016358975, 
    "hs_scale": 5.5729218178878615
  }, 
  "rab24": {
    "hs_location": 80.877546147260801, 
    "ph_location": 89.614147577451973, 
    "ph_scale": 13.145930049698876, 
    "hs_scale": 5.0386271648711869
  }, 
  "rab25": {
    "hs_location": 110.41494459458805, 
    "ph_location": 118.57350609441538, 
    "ph_scale": 8.2962127238090808, 
    "hs_scale": 6.2333392582819824
  }, 
  "rab26": {
    "hs_location": 96.549565531512229, 
    "ph_location": 119.02076426997702, 
    "ph_scale": 16.955862556408217, 
    "hs_scale": 4.6427935442555786
  }, 
  "rab27": {
    "hs_location": 100.67945641927625, 
    "ph_location": 123.20943348527747, 
    "ph_scale": 12.504390307748299, 
    "hs_scale": 4.986823456836591
  }, 
  "rab28": {
    "hs_location": 105.37370894723909, 
    "ph_location": 114.65556863335635, 
    "ph_scale": 16.457395297465361, 
    "hs_scale": 10.180521063201436
  }, 
  "rab29": {
    "hs_location": 93.403191427846338, 
    "ph_location": 110.36328879564698, 
    "ph_scale": 16.111193409372589, 
    "hs_scale": 4.7471190691955965
  }, 
  "rab44": {
    "hs_location": 67.869132354327547, 
    "ph_location": 80.40516698149608, 
    "ph_scale": 9.4867114130823307, 
    "hs_scale": 4.8236109710420614
  }, 
  "rab45": {
    "hs_location": 85.808005281234927, 
    "ph_location": 99.410680105599766, 
    "ph_scale": 14.381018525644626, 
    "hs_scale": 4.6830963088601099
  }, 
  "rab42": {
    "hs_location": 113.51748852875976, 
    "ph_location": 116.64714934778004, 
    "ph_scale": 8.8576651748912631, 
    "hs_scale": 5.8973505936404162
  }, 
  "rab43": {
    "hs_location": 79.418741612443824, 
    "ph_location": 105.0, 
    "ph_scale": 10.0, 
    "hs_scale": 2.2721398887603286
  }, 
  "rab40": {
    "hs_location": 124.31714848393145, 
    "ph_location": 145.521743578192, 
    "ph_scale": 14.899957919750523, 
    "hs_scale": 9.1218188503074842
  }, 
  "rab41": {
    "hs_location": 142.46512987201021, 
    "ph_location": 135.37522442019969, 
    "ph_scale": 6.1363096554995042, 
    "hs_scale": 1.8055135869220029
  }, 
  "CeRabY6": {
    "hs_location": 159.40730660402534, 
    "ph_location": 137.00391463713351, 
    "ph_scale": 8.2851422654852662, 
    "hs_scale": 3.4293368007527572
  }, 
  "AtRabD1": {
    "hs_location": 110.57728539349085, 
    "ph_location": 107.45385382908921, 
    "ph_scale": 6.945305481011367, 
    "hs_scale": 4.4462044884708636
  }, 
  "rab1": {
    "hs_location": 89.790282212421175, 
    "ph_location": 108.71908178021263, 
    "ph_scale": 10.655696768051222, 
    "hs_scale": 5.8823464365205513
  },